{"visibility": "visible",
 "stdout_visibility": "visible",
 "tests": [
{
  "visibility": "visible",
  "name": "Lab Tests",
  "score": "1.00",
  "max_score": "1.00",
  "output": "gcc -Wall -Werror -g  -c list_main.c\ngcc -Wall -Werror -g  -c list_funcs.c\ngcc -Wall -Werror -g  -o list_main list_main.o list_funcs.o list.h\n./testy -o md  test_lab02.org\n===============================\n== test_lab02.org : Lab02 Tests\n== Running 2 / 2 tests\n1) QUIZ: QUESTIONS.txt : ok\n2) CODE: list_main     : ok\n===============================\nRESULTS: 1.00 / 1.00 points \n" 
}
]
}
