{"visibility": "visible",
 "stdout_visibility": "visible",
 "tests": [
{
  "visibility": "visible",
  "name": "Lab Tests",
  "score": "1.00",
  "max_score": "1.00",
  "output": "gcc -Wall -Werror -g  -c masking.c\ngcc -Wall -Werror -g  -o masking masking.o\ngcc -Wall -Werror -g  -c phase03.c\ngcc -Wall -Werror -g  -o phase03 phase03.o\n./testy -o md test_lab05.org\n===============================\n== test_lab05.org : Lab05 Tests\n== Running 2 / 2 tests\n1) QUIZ: QUESTIONS.txt   : ok\n2) CODE: Masking and GDB : ok\n===============================\nRESULTS: 1.00 / 1.00 points \n" 
}
]
}
