{"visibility": "visible",
 "stdout_visibility": "visible",
 "tests": [
{
  "visibility": "visible",
  "name": "Lab Tests",
  "score": "1.00",
  "max_score": "1.00",
  "output": "gcc -Wall -Werror -g  -o coins_main coins_main.c coins_funcs_asm.s\ngcc -Wall -Werror -g  -o coins_main_c_only coins_main.c coins_funcs.c\n./testy test_lab06.org\n===============================\n== test_lab06.org : Lab06 Tests\n== Running 2 / 2 tests\n1) QUIZ: QUESTIONS.txt                    : ok\n2) CODE: coins_funcs_asm.s via coins_main : ok\n===============================\nRESULTS: 1.00 / 1.00 points \n" 
}
]
}
