{"visibility": "visible",
 "stdout_visibility": "visible",
 "tests": [
{
  "visibility": "visible",
  "name": "Lab Tests",
  "score": "1.00",
  "max_score": "1.00",
  "output": "gcc -Wall -Werror -g  -c treasure_main.c\ngcc -Wall -Werror -g  -o treasure_main treasure_main.o\n./testy -o md test_lab03.org\n===============================\n== test_lab03.org : Lab03 Tests\n== Running 2 / 2 tests\n1) QUIZ: QUESTIONS.txt         : ok\n2) CODE: treasure_main program : ok\n===============================\nRESULTS: 1.00 / 1.00 points \n" 
}
]
}
