{"visibility": "visible",
 "stdout_visibility": "visible",
 "tests": [
{
  "visibility": "visible",
  "name": "Lab Tests",
  "score": "1.00",
  "max_score": "1.00",
  "output": "gcc -Wall -Werror -g  -c mon_main.c\ngcc -Wall -Werror -g  -o mon_main mon_main.o\n./testy -o md test_lab04.org\n===============================\n== test_lab04.org : Lab04 Tests\n== Running 2 / 2 tests\n1) QUIZ: QUESTIONS.txt    : ok\n2) CODE: mon_main program : ok\n===============================\nRESULTS: 1.00 / 1.00 points \n" 
}
]
}
