{"id": 345033711, "users": [{"id": 6863504, "email": "agibney@terpmail.umd.edu", "name": "Aiden Gibney", "sid": "120801433", "assignment": {"release_date": "2025-09-06T05:00:00.000000-07:00", "due_date": "2025-09-14T20:59:00.000000-07:00", "late_due_date": null}, "sections": ["CMSC216-0105"]}], "created_at": "2025-09-08T10:34:45.068312-07:00", "assignment_id": null, "assignment": {"id": 6676542, "title": "Lab02", "release_date": "2025-09-06T05:00:00.000000-07:00", "due_date": "2025-09-14T20:59:00.000000-07:00", "total_points": "1.0", "course_id": 1098877, "group_submission": true, "group_size": 5, "late_due_date": null, "outline": [{"id": 56540685, "type": "ProgrammingQuestion", "title": "Autograder", "parent_id": null, "weight": "1.0", "content": [], "index": 1}]}, "submission_method": "upload", "previous_submissions": []}
